

insert into MasterUser (UserName,Name,Password,UserType) Values ('Limei', 'Li mei', 'limei123','I');
insert into MasterUser (UserName,Name,Password,UserType) Values ('Zhangsan', 'Zhang san', 'sansansan','I');
insert into MasterUser (UserName,Name,Password,UserType) Values ('Lisi', 'Li si', 'lililisisisi','I');
insert into MasterUser (UserName,Name,Password,UserType) Values ('Lily', 'Lily Ma', 'lilymapass','I');
insert into MasterUser (UserName,Name,Password,UserType) Values ('Tom', 'Tom hanks', 'passtom','I');
insert into MasterUser (UserName,Name,Password,UserType) Values ('Jack', 'Jack cruse', 'passjack','I');
insert into MasterUser (UserName,Name,Password,UserType) Values ('Rose', 'Rose Anne', 'rosefighting','I');
insert into MasterUser (UserName,Name,Password,UserType) Values ('Mary', 'Mary jane', 'marygoodgirl','I');

insert into MasterUser (UserName,Name,Password,UserType) Values ('AlbanyNY', 'city,Albany,NY', 'AlbanyNY123','M');
insert into MasterUser (UserName,Name,Password,UserType) Values ('AmsterdamNY', 'city,Amsterdam,NY', 'AmsterdamNY123','M');
insert into MasterUser (UserName,Name,Password,UserType) Values ('BeaconNY', 'city,Beacon,NY', 'BeaconNY123','M');
insert into MasterUser (UserName,Name,Password,UserType) Values ('BinghamtonNY', 'city,Binghamton,NY', 'BinghamtonNY123','M');
insert into MasterUser (UserName,Name,Password,UserType) Values ('BuffaloNY', 'city,Buffalo,NY', 'BuffaloNY123','M');
insert into MasterUser (UserName,Name,Password,UserType) Values ('CorningNY', 'city,Corning,NY', 'CorningNY123','M');
insert into MasterUser (UserName,Name,Password,UserType) Values ('FultonNY', 'city,Fulton,NY', 'FultonNY123','M');
insert into MasterUser (UserName,Name,Password,UserType) Values ('GenevaNY', 'city,Geneva,NY', 'GenevaNY123','M');
insert into MasterUser (UserName,Name,Password,UserType) Values ('HudsonNY', 'city,Hudson,NY', 'HudsonNY123','M');
insert into MasterUser (UserName,Name,Password,UserType) Values ('KingstonNY', 'city,Kingston,NY', 'KingstonNY123','M');
insert into MasterUser (UserName,Name,Password,UserType) Values ('NewyorkNY', 'city,Newyork,NY', 'NewyorkNY123','M');

insert into MasterUser (UserName,Name,Password,UserType) Values ('GoogleNY', 'Google', 'GoogleNY234','C');
insert into MasterUser (UserName,Name,Password,UserType) Values ('AmazonNY', 'Amazon', 'AmazonNY234','C');
insert into MasterUser (UserName,Name,Password,UserType) Values ('GrubhubNY', 'Grubhub', 'GrubhubNY234','C');
insert into MasterUser (UserName,Name,Password,UserType) Values ('SASNY', 'SAS', 'SASNY234','C');
insert into MasterUser (UserName,Name,Password,UserType) Values ('GMCA', 'GM', 'GMCA234','C');
insert into MasterUser (UserName,Name,Password,UserType) Values ('AirbnbCA', 'Airbnb', 'AirbnbCA234','C');
insert into MasterUser (UserName,Name,Password,UserType) Values ('CourseraCA', 'Coursera', 'CourseraCA234','C');
insert into MasterUser (UserName,Name,Password,UserType) Values ('VMwareCA', 'VMware', 'VMwareCA234','C');
insert into MasterUser (UserName,Name,Password,UserType) Values ('ShisedoCA', 'Shisedo', 'ShisedoCA234','C');
insert into MasterUser (UserName,Name,Password,UserType) Values ('BitTigerCA', 'BitTiger', 'BitTigerCA234','C');

insert into MasterUser (UserName,Name,Password,UserType) Values ('DEA', 'Drug Enforcement Agency', 'DEA123','G');
insert into MasterUser (UserName,Name,Password,UserType) Values ('FBI', 'Federal Bureau of Investigation', 'FBI123','G');
insert into MasterUser (UserName,Name,Password,UserType) Values ('NASA', 'NASA Local Facility', 'NASA123','G');
insert into MasterUser (UserName,Name,Password,UserType) Values ('SmallBusinessAD', 'Small Business Administration', 'SmallBusinessAD123','G');
insert into MasterUser (UserName,Name,Password,UserType) Values ('CustomsService', 'Customs Service at NWK', 'CustomsService123','G');
insert into MasterUser (UserName,Name,Password,UserType) Values ('511NY', '551NY', '511NY123','G');
insert into MasterUser (UserName,Name,Password,UserType) Values ('AdirondackPA', 'Adirondack park agency', 'AdirondackPA123','G');
insert into MasterUser (UserName,Name,Password,UserType) Values ('AuthoritiesBudget', 'Authorities Budget office', 'AuthoritiesBudget123','G');
insert into MasterUser (UserName,Name,Password,UserType) Values ('BatteryParkCityAuthority', 'Battery Park City Authority', 'BatteryParkCity123','G');
insert into MasterUser (UserName,Name,Password,UserType) Values ('BPLNY', 'Brooklyn Public Library', 'BPLNY123','G');
insert into MasterUser (UserName,Name,Password,UserType) Values ('CFBNY', 'Campaign Finance Board', 'CFBNY123','G');
insert into MasterUser (UserName,Name,Password,UserType) Values ('CEONY', 'Center for Economic Opportunity', 'CEONY123','G');
insert into MasterUser (UserName,Name,Password,UserType) Values ('BICNY', 'Business Integrity Commission', 'BICNY123','G');
insert into MasterUser (UserName,Name,Password,UserType) Values ('ActuaryNYC', 'Actuary, NYC OFFICE OF THE NYCOA', 'ActuaryNYC123','G');



insert into GvnAgency (UserName,Jurisdiction) Values ('DEA','Federal');
insert into GvnAgency (UserName,Jurisdiction) Values ('FBI','Federal');
insert into GvnAgency (UserName,Jurisdiction) Values ('NASA','Federal');
insert into GvnAgency (UserName,Jurisdiction) Values ('SmallBusinessAD','Federal');
insert into GvnAgency (UserName,Jurisdiction) Values ('CustomsService','Federal');
insert into GvnAgency (UserName,Jurisdiction) Values ('511NY','State');
insert into GvnAgency (UserName,Jurisdiction) Values ('AdirondackPA','State');
insert into GvnAgency (UserName,Jurisdiction) Values ('AuthoritiesBudget','State');
insert into GvnAgency (UserName,Jurisdiction) Values ('BatteryParkCityAuthority','State');
insert into GvnAgency (UserName,Jurisdiction) Values ('BPLNY','Local');
insert into GvnAgency (UserName,Jurisdiction) Values ('CFBNY','Local');
insert into GvnAgency (UserName,Jurisdiction) Values ('CEONY','Local');
insert into GvnAgency (UserName,Jurisdiction) Values ('BICNY','Local');
insert into GvnAgency (UserName,Jurisdiction) Values ('ActuaryNYC','Local');



insert into Individual (UserName,JobTitle,Sys_Ent_Date) Values ('Limei','Project Manager', '2016-10-11');
insert into Individual (UserName,JobTitle,Sys_Ent_Date) Values ('Zhangsan','Department Manager', '2016-10-12');
insert into Individual (UserName,JobTitle,Sys_Ent_Date) Values ('Lisi','Officer', '2016-10-13');
insert into Individual (UserName,JobTitle,Sys_Ent_Date) Values ('Lily','Inventory Manager', '2016-10-14');
insert into Individual (UserName,JobTitle,Sys_Ent_Date) Values ('Tom','security guard', '2016-10-15');
insert into Individual (UserName,JobTitle,Sys_Ent_Date) Values ('Smeagol','Project Manager', '2016-10-16');
insert into Individual (UserName,JobTitle,Sys_Ent_Date) Values ('Jack','software engineer', '2016-10-17');
insert into Individual (UserName,JobTitle,Sys_Ent_Date) Values ('Rose','dancer', '2016-10-18');
insert into Individual (UserName,JobTitle,Sys_Ent_Date) Values ('Mary','Data analyst', '2016-10-19');
#insert into Individual (UserName,JobTitle,Sys_Ent_Date) Values ('Luna','singer','2016-10-11');




insert into Municipality (UserName,Population) Values ('AlbanyNY','97660');
insert into Municipality (UserName,Population) Values ('AmsterdamNY','18507');
insert into Municipality (UserName,Population) Values ('BeaconNY','15565');
insert into Municipality (UserName,Population) Values ('BinghamtonNY','46996');
insert into Municipality (UserName,Population) Values ('BuffaloNY','261025');
insert into Municipality (UserName,Population) Values ('CorningNY','11187');
insert into Municipality (UserName,Population) Values ('FultonNY','11906');
insert into Municipality (UserName,Population) Values ('GenevaNY','13324');
insert into Municipality (UserName,Population) Values ('HudsonNY','6657');
insert into Municipality (UserName,Population) Values ('KingstonNY','23887');
insert into Municipality (UserName,Population) Values ('NewyorkNY','8550405');

insert into Company (UserName,Headquarters) Values ('GoogleNY','New York City');
insert into Company (UserName,Headquarters) Values ('AmazonNY','New York City');
insert into Company (UserName,Headquarters) Values ('GrubhubNY','New York City');
insert into Company (UserName,Headquarters) Values ('SASNY','New York City');
insert into Company (UserName,Headquarters) Values ('GMCA','Los Angeles');
insert into Company (UserName,Headquarters) Values ('AirbnbCA','Los Angeles');
insert into Company (UserName,Headquarters) Values ('CourseraCA','Los Angeles');
insert into Company (UserName,Headquarters) Values ('VMwareCA','Los Angeles');
insert into Company (UserName,Headquarters) Values ('ShisedoCA','Los Angeles');
insert into Company (UserName,Headquarters) Values ('BitTigerCA','Los Angeles');
